Core name,Code,Department,Year,Term,Credits,Lecturer,Core Natural Sciences,Core Mathematics,Core Physics (BPhys),Core Biological Sciences,Core Biochemistry,Core Biological and Medicinal Chemistry,Physics (MPhys),Pre Req,Co Req,Natural Science History,Topic Pathway,Module Descriptor,Category,Sub-category
Animals,BIO1331,Bio,1,1,15,,,,,,,,,N/A,N/A,,,https://biosciences.exeter.ac.uk/current/modules/description/index.php?moduleCode=BIO1331&ay=2020/1,Animals and Marine,
Biochemistry,BIO1332,Bio,1,1,15,,,,,,,,,N/A,N/A,,,https://biosciences.exeter.ac.uk/current/modules/description/index.php?moduleCode=BIO1332&ay=2020/1,Chemistry,
Fundamental Principles for Bioscientists,BIO1333,Bio,1,123,15,,,,,,,,,N/A,N/A,,,https://biosciences.exeter.ac.uk/current/modules/description/index.php?moduleCode=BIO1333&ay=2020/1,Misc,
Genetics,BIO1334,Bio,1,1,15,,,,,,,,,N/A,N/A,,,https://biosciences.exeter.ac.uk/current/modules/description/index.php?moduleCode=BIO1334&ay=2020/1,Cell,
Ecology,BIO1336,Bio,1,2,15,,,,,,,,,N/A,N/A,,,https://biosciences.exeter.ac.uk/current/modules/description/index.php?moduleCode=BIO1336&ay=2020/1,Ecology and plants,
Microbiology,BIO1337,Bio,1,2,15,,,,,,,,,N/A,N/A,,,https://biosciences.exeter.ac.uk/current/modules/description/index.php?moduleCode=BIO1337&ay=2020/1,Cell,
Plants,BIO1338,Bio,1,2,15,,,,,,,,,N/A,N/A,,,https://biosciences.exeter.ac.uk/current/modules/description/index.php?moduleCode=BIO1338&ay=2020/1,Ecology and plants,
Cells,BIO1339,Bio,1,2,15,,,,,,,,,N/A,N/A,,,https://biosciences.exeter.ac.uk/current/modules/description/index.php?moduleCode=BIO1339&ay=2020/1,Cell,
Fundamentals of Inorganic Chemistry,BIO1340,Bio,1,1,15,,,,,,,,,N/A,N/A,,,https://biosciences.exeter.ac.uk/current/modules/description/index.php?moduleCode=BIO1340&ay=2020/1,Chemistry,
Structure and Reactivity of Organic Compounds I,BIO1345,Bio,1,2,15,,,,,,,,,N/A,N/A,,,https://biosciences.exeter.ac.uk/current/modules/description/index.php?moduleCode=BIO1345&ay=2020/1,Chemistry,
Biophysical Chemistry,BIO1346,Bio,1,2,15,,,,,,,,,N/A,N/A,,,https://biosciences.exeter.ac.uk/current/modules/description/index.php?moduleCode=BIO1346&ay=2020/1,Chemistry,
Forensic Science,BIO2066,Bio,2,2,15,,N,N,N,,,,,N/A,N/A,N,,https://biosciences.exeter.ac.uk/current/modules/description/index.php?moduleCode=BIO2066&ay=2020/1,Misc,
Forensic Science,BIO2068,Bio,2,12,30,,N,N,N,,,,,N/A,N/A,N,,https://biosciences.exeter.ac.uk/current/modules/description/index.php?moduleCode=BIO2068&ay=2020/1,Misc,
Marine Biology,BIO2074,Bio,2,2,15,,N,N,N,,,,,"BIO1331, BIO1336",N/A,N,,https://biosciences.exeter.ac.uk/current/modules/description/index.php?moduleCode=BIO2074&ay=2020/1,Animals and Marine,
Ecology and the Environment,BIO2076,Bio,2,1,15,,N,N,N,,,,,"BIO1336, NSC1003",N/A,Y,,https://biosciences.exeter.ac.uk/current/modules/description/index.php?moduleCode=BIO2076&ay=2020/1,Ecology and plants,
Medical and General Microbiology,BIO2078,Bio,2,1,15,,N,N,N,,,,,BIO1337,N/A,N,,https://biosciences.exeter.ac.uk/current/modules/description/index.php?moduleCode=BIO2078&ay=2020/1,Cell,
Coral Reef Field Course,BIO2081,Bio,2,123,15,,N,N,N,,,,,BIO1336,BIO2074,N,,https://biosciences.exeter.ac.uk/current/modules/description/index.php?moduleCode=BIO2081&ay=2020/1,Animals and Marine,
Animal Ecophysiology,BIO2082,Bio,2,1,15,,N,N,N,,,,,BIO1331,N/A,N,,https://biosciences.exeter.ac.uk/current/modules/description/index.php?moduleCode=BIO2082&ay=2020/1,Animals and Marine,
Structure and Reactivity of Organic Compounds,BIO2085,Bio,2,1,15,,N,N,N,,Y,Y,,"BIO1345, NSC1003",N/A,Y,,https://biosciences.exeter.ac.uk/current/modules/description/index.php?moduleCode=BIO2085&ay=2020/1,Chemistry,
Metabolism,BIO2086,Bio,2,2,15,,N,N,N,,Y,Y,,"BIO1332, BIO1341, NSC1003",N/A,N,,https://biosciences.exeter.ac.uk/current/modules/description/index.php?moduleCode=BIO2086&ay=2020/1,Cell,
Advanced Cell Biology,BIO2088,Bio,2,1,15,,N,N,N,,Y,,,"BIO1339, NSC1003",N/A,Y,,https://biosciences.exeter.ac.uk/current/modules/description/index.php?moduleCode=BIO2088&ay=2020/1,Cell,
Molecular Biology of the Gene,BIO2089,Bio,2,1,15,,N,N,N,,,,,"BIO1334, NSC1003",N/A,Y,,https://biosciences.exeter.ac.uk/current/modules/description/index.php?moduleCode=BIO2089&ay=2020/1,Cell,
Analytical Techniques in Biochemistry,BIO2090,Bio,2,1,15,,N,N,N,,Y,Y,,"BIO1332, BIO1341, NSC1003",N/A,Y,,https://biosciences.exeter.ac.uk/current/modules/description/index.php?moduleCode=BIO2090&ay=2020/1,Chemistry,
Bioinorganic Chemistry,BIO2091,Bio,2,2,15,,N,N,N,,,Y,,"BIO1332, BIO1343, BIO1340, NSC1003",N/A,Y,,https://biosciences.exeter.ac.uk/current/modules/description/index.php?moduleCode=BIO2091&ay=2020/1,Chemistry,
Genomics and Introductory Bioinformatics,BIO2092,Bio,2,2,15,,N,N,N,,,,,"BIO1334, NSC1003",N/A,Y,,https://biosciences.exeter.ac.uk/current/modules/description/index.php?moduleCode=BIO2092&ay=2020/1,Cell,
Modern Theories of Evolution,BIO2093,Bio,2,2,15,,N,N,N,,,,,"BIO1334, NSC1003",N/A,N,,https://biosciences.exeter.ac.uk/current/modules/description/index.php?moduleCode=BIO2093&ay=2020/1,Ecology and plants,
Molecular Microbiology,BIO2094,Bio,2,2,15,,N,N,N,,,,,"BIO1337, BIO1342",N/A,N,,https://biosciences.exeter.ac.uk/current/modules/description/index.php?moduleCode=BIO2094&ay=2020/1,Cell,
Pratical Skills in Field Ecology,BIO2096,Bio,2,3,15,,N,N,N,,,,,BIO1336,BIO2076,N,,https://biosciences.exeter.ac.uk/current/modules/description/index.php?moduleCode=BIO2096&ay=2020/1,Ecology and plants,
Molecular Plant Science,BIO2099,Bio,2,2,15,,N,N,N,,,,,"BIO1334, BIO1339",N/A,N,,https://biosciences.exeter.ac.uk/current/modules/description/index.php?moduleCode=BIO2099&ay=2020/1,Ecology and plants,
Ecology of Environmental Change,BIO3037,Bio,3,2,15,,N,N,N,N,N,N,N,BIO1336,N/A,Y,,https://biosciences.exeter.ac.uk/current/modules/description/index.php?moduleCode=BIO3037&ay=2020/1,Ecology and plants,
Pharmacology and Medicinal Chemistry,BIO3041,Bio,3,2,15,,N,N,N,N,N,Y,N,"BIO1332, BIO1341",N/A,Y,,https://biosciences.exeter.ac.uk/current/modules/description/index.php?moduleCode=BIO3041&ay=2020/1,Chemistry,
Ecotoxicology,BIO3067,Bio,3,2,15,,N,N,N,N,N,N,N,BIO1331,N/A,N,,https://biosciences.exeter.ac.uk/current/modules/description/index.php?moduleCode=BIO3067&ay=2020/1,Misc,
Specialist Topics in Chemical Sciences,BIO3073,Bio,3,2,15,,N,N,N,N,N,N,N,"BIO1345, NSC1003, BIO1343",BIO3089,Y,,https://biosciences.exeter.ac.uk/current/modules/description/index.php?moduleCode=BIO3073&ay=2020/1,Chemistry,
Frontiers in Molecular Cell Biology,BIO3077,Bio,3,2,15,,N,N,N,N,N,N,N,"BIO2088, BIO2098",N/A,Y,,https://biosciences.exeter.ac.uk/current/modules/description/index.php?moduleCode=BIO3077&ay=2020/1,Cell,
Cellular Basis of Immunity,BIO3078,Bio,3,1,15,,N,N,N,N,N,N,N,"BIO2078, BIO2088, BIO2089",N/A,N,,https://biosciences.exeter.ac.uk/current/modules/description/index.php?moduleCode=BIO3078&ay=2020/1,Cell,
Molecular Basis of Infection,BIO3079,Bio,3,1,15,,N,N,N,N,N,N,N,"BIO2078, BIO2094",N/A,N,,https://biosciences.exeter.ac.uk/current/modules/description/index.php?moduleCode=BIO3079&ay=2020/1,Cell,
Science Communication,BIO3082,Bio,3,2,15,,N,N,N,N,N,N,N,"BIO2071, NSC2001",N/A,N,,https://biosciences.exeter.ac.uk/current/modules/description/index.php?moduleCode=BIO3082&ay=2020/1,Misc,
Current Issues in Marine Biology,BIO3083,Bio,3,1,15,,N,N,N,N,N,N,N,BIO2074,N/A,N,,https://biosciences.exeter.ac.uk/current/modules/description/index.php?moduleCode=BIO3083&ay=2020/1,Animals and Marine,
Horizons of Biochemical Research,BIO3085,Bio,3,1,15,,N,N,N,N,Y,N,N,"BIO2090, BIO2086",N/A,N,,https://biosciences.exeter.ac.uk/current/modules/description/index.php?moduleCode=BIO3083&ay=2020/1,Chemistry,
Cell Biology of Disease,BIO3086,Bio,3,1,15,,N,N,N,N,N,N,N,BIO2088,N/A,N,,https://biosciences.exeter.ac.uk/current/modules/description/index.php?moduleCode=BIO3086&ay=2020/1,Cell,
Organic Synthesis and Drug Design,BIO3089,Bio,3,1,15,,N,N,N,N,N,Y,N,BIO2085,N/A,Y,,https://biosciences.exeter.ac.uk/current/modules/description/index.php?moduleCode=BIO3089&ay=2020/1,Chemistry,
Secondary Metabolites,BIO3090,Bio,3,2,15,,N,N,N,N,N,Y,N,BIO2085,N/A,N,,https://biosciences.exeter.ac.uk/current/modules/description/index.php?moduleCode=BIO3090&ay=2020/1,Cell,
Animal Developmental Biology,BIO3091,Bio,3,1,15,,N,N,N,N,N,N,N,BIO1331,N/A,N,,https://biosciences.exeter.ac.uk/current/modules/description/index.php?moduleCode=BIO3091&ay=2020/1,Animals and Marine,
Bioinformatics,BIO3092,Bio,3,2,15,,N,N,N,N,N,N,N,"BIO2092, BIO2093, BIO2087",N/A,Y,,https://biosciences.exeter.ac.uk/current/modules/description/index.php?moduleCode=BIO3092&ay=2020/1,Misc,
Energy Metabolism,BIO3093,Bio,3,2,15,,N,N,N,N,Y,N,N,"BIO1332, BIO1341",N/A,N,,https://biosciences.exeter.ac.uk/current/modules/description/index.php?moduleCode=BIO3093&ay=2020/1,Cell,
Living in a Microbial World,BIO3097,Bio,3,2,15,,N,N,N,N,N,N,N,N/A,N/A,N,,https://biosciences.exeter.ac.uk/current/modules/description/index.php?moduleCode=BIO3097&ay=2020/1,Cell,
Biology of Marine Vertebrates,BIO3098,Bio,3,1,15,,N,N,N,N,N,N,N,"BIO1331, BIO2082, BIO2074",N/A,N,,https://biosciences.exeter.ac.uk/current/modules/description/index.php?moduleCode=BIO3098&ay=2020/1,Animals and Marine,
Secondary Metabolites,BIOM514,Bio,4,2,15,,N,N,N,N,N,N,N,"BIO2085, NSC2001",N/A,Y,,https://biosciences.exeter.ac.uk/current/modules/description/index.php?moduleCode=BIOM514&ay=2020/1,Cell,
Cellular Basis of Immunity,BIOM515,Bio,4,1,15,,N,N,N,N,N,N,N,"BIO2089, BIO2088, BIO2087",N/A,N,,https://biosciences.exeter.ac.uk/current/modules/description/index.php?moduleCode=BIOM515&ay=2020/1,Cell,
Bioinformatics,BIOM516,Bio,4,2,15,,N,N,N,N,N,N,N,"BIO2092, BIO2093, BIO2087",N/A,N,,https://biosciences.exeter.ac.uk/current/modules/description/index.php?moduleCode=BIOM516&ay=2020/1,Misc,
Energy Metabolism,BIOM517,Bio,4,2,15,,N,N,N,N,N,N,N,NSC1003,N/A,N,,https://biosciences.exeter.ac.uk/current/modules/description/index.php?moduleCode=BIOM517&ay=2020/1,Cell,
Molecular Basis of Infection,BIOM525,Bio,4,1,15,,N,N,N,N,N,N,N,N/A,N/A,N,,https://biosciences.exeter.ac.uk/current/modules/description/index.php?moduleCode=BIOM525&ay=2020/1,Cell,
Advanced topics in biological sciences,BIOM528,Bio,4,12,15,,N,N,N,N,N,N,N,"BIO3079, BIO2078, BIO2094, BIO2093, BIO3092, BIO2088, BIO2089, BIO3091, BIO2078, BIO1338, BIO2099, BIO2082, BIO2092, BIO2074, BIO3083, BIO1340, BIO1346, BIO1332, BIO2091",N/A,Y,,https://biosciences.exeter.ac.uk/current/modules/description/index.php?moduleCode=BIOM528&ay=2020/1,Misc,
Medical Mycology,BIOM534,Bio,4,1,15,,N,N,N,N,N,N,N,N/A,N/A,N,,https://biosciences.exeter.ac.uk/current/modules/description/index.php?moduleCode=BIOM534&ay=2020/1,Cell,
Medical Mycology Project 1,BIOM536,Bio,4,12,60,,N,N,N,N,N,N,N,BIOM534,"BIOM537, BIOM509",N,,https://biosciences.exeter.ac.uk/current/modules/description/index.php?moduleCode=BIOM536&ay=2020/1,Misc,
Project 2 - Fungal Immunology,BIOM537 ,Bio,4,3,60,,N,N,N,N,N,N,N,BIOM534,"BIOM536, BIOM509",N,,https://biosciences.exeter.ac.uk/current/modules/description/index.php?moduleCode=BIOM537&ay=2020/1,Misc,
Extended Medical Mycology Project,BIOM538,Bio,4,123,15,,N,N,N,N,N,N,N,BIOM534,BIOM509,N,,https://biosciences.exeter.ac.uk/current/modules/description/index.php?moduleCode=BIOM538&ay=2020/1,Misc,
Sustainable Land Use in Grassland Agriculture,BIOM562,Bio,4,2,15,,N,N,N,N,N,N,N,N/A,N/A,N,,https://biosciences.exeter.ac.uk/current/modules/description/index.php?moduleCode=BIOM562&ay=2020/1,Ecology and plants,
Crop Security,BIOM563,Bio,4,1,15,,N,N,N,N,N,N,N,N/A,N/A,N,,https://biosciences.exeter.ac.uk/current/modules/description/index.php?moduleCode=BIOM563&ay=2020/1,Ecology and plants,
Application of Genomics in Infectious Disease,BIOM567,Bio,4,3,15,,N,N,N,N,N,N,N,N/A,N/A,N,,https://biosciences.exeter.ac.uk/current/modules/description/index.php?moduleCode=BIOM567&ay=2020/1,Cell,
Blue Planet,BIOM568,Bio,4,1,15,,N,N,N,N,N,N,N,N/A,N/A,N,,https://biosciences.exeter.ac.uk/current/modules/description/index.php?moduleCode=BIOM568&ay=2020/1,Animals and Marine,
Mathematical Structures,MTH1001,Maths,1,12,30,,,,,,,,,N/A,N/A,,,https://intranet.exeter.ac.uk/emps/studentinfo/subjects/mathematics/modules/2020/index.php/?moduleCode=MTH1001,Pure,
Mathematical Methods,MTH1002,Maths,1,12,30,,,,,,,,,N/A,N/A,,,https://intranet.exeter.ac.uk/emps/studentinfo/subjects/mathematics/modules/2020/index.php/?moduleCode=MTH1002,Calculus,
Mathematical Modelling,MTH1003,Maths,1,12,30,,,,,,,,,N/A,N/A,,,https://intranet.exeter.ac.uk/emps/studentinfo/subjects/mathematics/modules/2020/index.php/?moduleCode=MTH1003,Modelling,
"Probability, Statistics and Data",MTH1004,Maths,1,12,30,,,,,,,,,N/A,N/A,,,https://intranet.exeter.ac.uk/emps/studentinfo/subjects/mathematics/modules/2020/index.php/?moduleCode=MTH1004,Probability and Statistics,
Diffrential Equations,MTH2003,Maths,2,1,15,,N,,N,N,N,N,,MTH1002,N/A,Y,,https://intranet.exeter.ac.uk/emps/studentinfo/subjects/mathematics/modules/2020/index.php/?moduleCode=MTH2003,Calculus,
Vector Calculus and Applications,MTH2004,Maths,2,2,15,,N,,N,N,N,N,,N/A,MTH2003,Y,,https://intranet.exeter.ac.uk/emps/studentinfo/subjects/mathematics/modules/2020/index.php/?moduleCode=MTH2004,Calculus,
Modelling: Theory and Practice,MTH2005,Maths,2,12,30,,N,,N,N,N,N,,"MTH1002, MTH1003",MTH2003,N,,https://intranet.exeter.ac.uk/emps/studentinfo/subjects/mathematics/modules/2020/index.php/?moduleCode=MTH2005,Modelling,
Statistical Modelling and Inference,MTH2006,Maths,2,12,30,,N,,N,N,N,N,,MTH1004,N/A,N,,https://intranet.exeter.ac.uk/emps/studentinfo/subjects/mathematics/modules/2020/index.php/?moduleCode=MTH2006,Probability and Statistics,
Real Analysis,MTH2008,Maths,2,1,15,,N,,N,N,N,N,,"MTH1001, MTH1002",N/A,N,,https://intranet.exeter.ac.uk/emps/studentinfo/subjects/mathematics/modules/2020/index.php/?moduleCode=MTH2008,Analysis,
Complex Analysis,MTH2009,Maths,2,2,15,,N,,N,N,N,N,,N/A,N/A,N,,https://intranet.exeter.ac.uk/emps/studentinfo/subjects/mathematics/modules/2020/index.php/?moduleCode=MTH2009,Analysis,
"Groups, Rings and Fields",MTH2010,Maths,2,1,15,,N,,N,N,N,N,,MTH1001,N/A,N,,https://intranet.exeter.ac.uk/emps/studentinfo/subjects/mathematics/modules/2020/index.php/?moduleCode=MTH2010,Pure,
Linear Algebra,MTH2011,Maths,2,2,15,,N,,N,N,N,N,,MTH1001,N/A,N,,https://intranet.exeter.ac.uk/emps/studentinfo/subjects/mathematics/modules/2020/index.php/?moduleCode=MTH2011,Pure,
Theory of Weather and Climate,MTH3001,Maths,3,2,15,,N,,N,N,N,N,N,MTH3007,MTH3007,N,,https://intranet.exeter.ac.uk/emps/studentinfo/subjects/mathematics/modules/2020/index.php/?moduleCode=MTH3001,Calculus,
Number Theory,MTH3004,Maths,3,1,15,,N,,N,N,N,N,N,"MTH2002, MTH2010",N/A,N,,https://intranet.exeter.ac.uk/emps/studentinfo/subjects/mathematics/modules/2020/index.php/?moduleCode=MTH3004,Pure,
Mathetmatical Biology and Ecology,MTH3006,Maths,3,1,15,,N,,N,N,N,N,N,MTH2003,N/A,Y,,https://intranet.exeter.ac.uk/emps/studentinfo/subjects/mathematics/modules/2020/index.php/?moduleCode=MTH3006,Calculus,
Fluid Dynamics,MTH3007,Maths,3,1,15,,N,,N,N,N,N,N,MTH2004,N/A,Y,,https://intranet.exeter.ac.uk/emps/studentinfo/subjects/mathematics/modules/2020/index.php/?moduleCode=MTH3007,Calculus,
Partial Diffrential Equations,MTH3008,Maths,3,2,15,,N,,N,N,N,N,N,MTH2004,N/A,N,,https://intranet.exeter.ac.uk/emps/studentinfo/subjects/mathematics/modules/2020/index.php/?moduleCode=MTH3008,Calculus,
Nonlinear Systems and Control,MTH3011,Maths,3,2,15,,N,,N,N,N,N,N,"MTH2003, MTH2005",N/A,N,,https://intranet.exeter.ac.uk/emps/studentinfo/subjects/mathematics/modules/2020/,Modelling,
Advanced Statistical Modelling,MTH3012,Maths,3,2,15,,N,,N,N,N,N,N,MTH2006,N/A,N,,https://intranet.exeter.ac.uk/emps/studentinfo/subjects/mathematics/modules/2020/index.php/?moduleCode=MTH3012,Probability and Statistics,
Mathematics History and Culture,MTH3019,Maths,3,1,15,,N,,N,N,N,N,N,MTH1001,N/A,Y,,https://intranet.exeter.ac.uk/emps/studentinfo/subjects/mathematics/modules/2020/index.php/?moduleCode=MTH3019,Misc,
Combinatorics,MTH3021,Maths,3,2,15,,N,,N,N,N,N,N,"MTH2002, MTH2011",N/A,N,,https://intranet.exeter.ac.uk/emps/studentinfo/subjects/mathematics/modules/2020/index.php/?moduleCode=MTH3021,Pure,
"Graphs, Networks and Algorithms",MTH3022,Maths,3,2,15,,N,,N,N,N,N,N,"MTH2001, MTH2008, MTH2011, MTH2002",N/A,N,,https://intranet.exeter.ac.uk/emps/studentinfo/subjects/mathematics/modules/2020/index.php/?moduleCode=MTH3022,Pure,
Stochastic Processes,MTH3024,Maths,3,2,15,,N,,N,N,N,N,N,MTH1004,N/A,N,,https://intranet.exeter.ac.uk/emps/studentinfo/subjects/mathematics/modules/2020/index.php/?moduleCode=MTH3024,Probability and Statistics,
Cryptography,MTH3026,Maths,3,2,15,,N,,N,N,N,N,N,MTH3004,MTH3004,N,,https://intranet.exeter.ac.uk/emps/studentinfo/subjects/mathematics/modules/2020/index.php/?moduleCode=MTH3026,Pure,
Statistical Inference: Theory and Practice,MTH3028,Maths,3,2,15,,N,,N,N,N,N,N,MTH2006,N/A,N,,https://intranet.exeter.ac.uk/emps/studentinfo/subjects/mathematics/modules/2020/index.php/?moduleCode=MTH3028,Probability and Statistics,
Mathematics of Climate Change,MTH3030,Maths,3,1,15,,N,,N,N,N,N,N,MTH1002,N/A,Y,,https://intranet.exeter.ac.uk/emps/studentinfo/subjects/mathematics/modules/2020/index.php/?moduleCode=MTH3030,Calculus,
Applications of Geometry and Topology,MTH3032,Maths,3,2,15,,N,,N,N,N,N,N,"MTH1001, MTH2004",N/A,N,,https://intranet.exeter.ac.uk/emps/studentinfo/subjects/mathematics/modules/2020/index.php/?moduleCode=MTH3032,Calculus,
Galois Theory,MTH3038,Maths,3,1,15,,N,,N,N,N,N,N,"MTH2002, MTH2010, MTH2011",N/A,N,,https://intranet.exeter.ac.uk/emps/studentinfo/subjects/mathematics/modules/2020/index.php/?moduleCode=MTH3038,Pure,
Computational Nonlinear Dynamics,MTH3039,Maths,3,1,15,,N,,N,N,N,N,N,MTH1003,N/A,N,,https://intranet.exeter.ac.uk/emps/studentinfo/subjects/mathematics/modules/2020/index.php/?moduleCode=MTH3039,Modelling,
Topology and Metric Spaces,MTH3040,Maths,3,2,15,,N,,N,N,N,N,N,"MTH2001, MTH2008",N/A,N,,https://intranet.exeter.ac.uk/emps/studentinfo/subjects/mathematics/modules/2020/index.php/?moduleCode=MTH3040,Analysis,
"Bayesian Statistics, Philosophy and Practice",MTH3041,Maths,3,1,15,,N,,N,N,N,N,N,MTH2006,N/A,N,,https://intranet.exeter.ac.uk/emps/studentinfo/subjects/mathematics/modules/2020/index.php/?moduleCode=MTH3041,Probability and Statistics,
Integral Equations,MTH3042,Maths,3,2,15,,N,,N,N,N,N,N,MTH2003,N/A,N,,https://intranet.exeter.ac.uk/emps/studentinfo/subjects/mathematics/modules/2020/index.php/?moduleCode=MTH3042,Calculus,
Functional Analysis,MTHM001,Maths,4,1,15,,N,,N,N,N,N,N,"ECM3740, ECM3703",N/A,N,,https://intranet.exeter.ac.uk/emps/studentinfo/subjects/mathematics/modules/2020/index.php/?moduleCode=MTHM001,Analysis,
Methods for Stochastics and Finance,MTHM002,Maths,4,1,15,,N,,N,N,N,N,N,N/A,N/A,N,,https://intranet.exeter.ac.uk/emps/studentinfo/subjects/mathematics/modules/2020/index.php/?moduleCode=MTHM002,Analysis,
Fractal Geometry,MTHM004,Maths,4,2,15,,N,,N,N,N,N,N,"MTH2001, MTH2008",N/A,N,,https://intranet.exeter.ac.uk/emps/studentinfo/subjects/mathematics/modules/2020/index.php/?moduleCode=MTHM004,Analysis,
Mathematical Theory of Option Pricing,MTHM006,Maths,4,2,15,,N,,N,N,N,N,N,MTH3024,MTHM002,N,,https://intranet.exeter.ac.uk/emps/studentinfo/subjects/mathematics/modules/2020/index.php/?moduleCode=MTHM006,Probability and Statistics,
Computational Modelling,MTHM008,Maths,4,1,15,,N,,N,N,N,N,N,N/A,N/A,N,,https://intranet.exeter.ac.uk/emps/studentinfo/subjects/mathematics/modules/2020/index.php/?moduleCode=MTHM008,Computational Modelling,
Advanced Topics in Mathematical and Computational Biology,MTHM009,Maths,4,2,15,,N,,N,N,N,N,N,N/A,N/A,N,,https://intranet.exeter.ac.uk/emps/studentinfo/subjects/mathematics/modules/2020/index.php/?moduleCode=MTHM009,Calculus,
Representation Theory of Finite Groups,MTHM010,Maths,4,1,15,,N,,N,N,N,N,N,"MTH2002, MTH2010, MTH2011",N/A,N,,https://intranet.exeter.ac.uk/emps/studentinfo/subjects/mathematics/modules/2020/index.php/?moduleCode=MTHM010,Pure,
Advanced Topics in Statistics,MTHM017,Maths,4,2,15,,N,,N,N,N,N,N,"MTHM501, MTHM502","MTHM501, MTHM502",N,,https://intranet.exeter.ac.uk/emps/studentinfo/subjects/mathematics/modules/2020/index.php/?moduleCode=MTHM017,Probability and Statistics,
Dynamical Systems and Chaos,MTHM018,Maths,4,1,15,,N,,N,N,N,N,N,MTH2003,N/A,Y,,https://intranet.exeter.ac.uk/emps/studentinfo/subjects/mathematics/modules/2020/index.php/?moduleCode=MTHM018,Calculus,
Fluid Dynamics of Atmospheres and Oceans,MTHM019,Maths,4,1,15,,N,,N,N,N,N,N,MTH3001,N/A,Y,,https://intranet.exeter.ac.uk/emps/studentinfo/subjects/mathematics/modules/2020/index.php/?moduleCode=MTHM019,Calculus,
Modelling the Weather and Climate,MTHM023,Maths,4,2,15,,N,,N,N,N,N,N,N/A,N/A,N,,https://intranet.exeter.ac.uk/emps/studentinfo/subjects/mathematics/modules/2020/index.php/?moduleCode=MTHM023,Calculus,
Algebraic Curves,MTHM029,Maths,4,2,15,,N,,N,N,N,N,N,"MTH2002, MTH2010, MTH2011",N/A,N,,https://intranet.exeter.ac.uk/emps/studentinfo/subjects/mathematics/modules/2020/index.php/?moduleCode=MTHM029,Pure,
"Waves, Instabilities and Turbulence",MTHM030,Maths,4,2,15,,N,,N,N,N,N,N,MTH3007,N/A,Y,,https://intranet.exeter.ac.uk/emps/studentinfo/subjects/mathematics/modules/2020/index.php/?moduleCode=MTHM030,Calculus,
Magnetic Fields and Fluid Flows ,MTHM031,Maths,4,1,15,,N,,N,N,N,N,N,MTH3007,N/A,Y,,https://intranet.exeter.ac.uk/emps/studentinfo/subjects/mathematics/modules/2020/index.php/?moduleCode=MTHM031,Calculus,
Statistical Modelling in Space and Time,MTHM033,Maths,4,2,15,,N,,N,N,N,N,N,N/A,N/A,N,,https://intranet.exeter.ac.uk/emps/studentinfo/subjects/mathematics/modules/2020/index.php/?moduleCode=MTHM033,Probability and Statistics,
Analytical Number Theory,MTHM041,Maths,4,1,15,,N,,N,N,N,N,N,"MTH2001, MTH2009",N/A,N,,https://intranet.exeter.ac.uk/emps/studentinfo/subjects/mathematics/modules/2020/index.php/?moduleCode=MTHM041,Analysis,
Space Weather and Plasmas,MTHM045,Maths,4,1,15,,N,,N,N,N,N,N,N/A,N/A,N,,https://intranet.exeter.ac.uk/emps/studentinfo/subjects/mathematics/modules/2020/index.php/?moduleCode=MTHM045,Calculus,
Ergodic Theory,MTHM048,Maths,4,2,15,,N,,N,N,N,N,N,N/A,N/A,N,,https://intranet.exeter.ac.uk/emps/studentinfo/subjects/mathematics/modules/2020/index.php/?moduleCode=MTHM048,Probability and Statistics,
Mathematics and Computing: Integrative Tools for Natural Sciences ,NSC1002,NatSci,1,12,30,,Y,N,N,N,N,N,N,N/A,N/A,Y,,https://intranet.exeter.ac.uk/emps/studentinfo/subjects/naturalsciences/modules/2020/?moduleCode=NSC1002&ay=2020/1,Coding,
Foundations in Natural Science,NSC1003,NatSci,1,12,60,,Y,N,N,N,N,N,N,N/A,N/A,Y,,https://intranet.exeter.ac.uk/emps/studentinfo/subjects/naturalsciences/modules/2020/?moduleCode=NSC1003&ay=2020/1,Science,
Experimental Science,NSC1004,NatSci,1,12,15,,Y,N,N,N,N,N,N,N/A,N/A,Y,,https://intranet.exeter.ac.uk/emps/studentinfo/subjects/naturalsciences/modules/2020/?moduleCode=NSC1004&ay=2020/1,Core,
Frontiers in Science 1,NSC1005,NatSci,1,12,15,,Y,N,N,N,N,N,N,N/A,N/A,Y,,https://intranet.exeter.ac.uk/emps/studentinfo/subjects/naturalsciences/modules/2020/?moduleCode=NSC1005&ay=2020/1,Core,
Frontiers in Science 2,NSC2001,NatSci,2,12,30,,Y,N,N,N,N,N,N,"NSC1002, NSC1004, NSC1005",N/A,Y,,https://intranet.exeter.ac.uk/emps/studentinfo/subjects/naturalsciences/modules/2020/?moduleCode=NSC2001&ay=2020/1,Core,
Physical Chemistry,NSC2002,NatSci,2,2,15,,N,N,N,N,N,N,N,NSC1003,N/A,Y,,https://intranet.exeter.ac.uk/emps/studentinfo/subjects/naturalsciences/modules/2020/?moduleCode=NSC2002&ay=2020/1,Science,
Introduction to Numerics and Simulation for Scientists,NSC2003,NatSci,2,1,15,,N,N,N,N,N,N,N,NSC1002,N/A,Y,,https://intranet.exeter.ac.uk/emps/studentinfo/subjects/naturalsciences/modules/2020/?moduleCode=NSC2003&ay=2020/1,Coding,
BSC Research Project,NSC3001,NatSci,3,2,30,,Y,N,N,N,N,N,N,N/A,N/A,Y,,https://intranet.exeter.ac.uk/emps/studentinfo/subjects/naturalsciences/modules/2020/?moduleCode=NSC3001&ay=2020/1,Core,
Msci Research Project 1,NSC3002,NatSci,3,2,30,,Y,N,N,N,N,N,N,N/A,N/A,Y,,https://intranet.exeter.ac.uk/emps/studentinfo/subjects/naturalsciences/modules/2020/?moduleCode=NSC3002&ay=2020/1,Core,
Group Project,NSC3003,NatSci,3,1,30,,Y,N,N,N,N,N,N,N/A,N/A,Y,,https://intranet.exeter.ac.uk/emps/studentinfo/subjects/naturalsciences/modules/2020/?moduleCode=NSC3003&ay=2020/1,Core,
Semester of Science Studies Abroad,NSC3004,NatSci,3,12,60,,N,N,N,N,N,N,N,N/A,N/A,Y,,https://intranet.exeter.ac.uk/emps/studentinfo/subjects/naturalsciences/modules/2020/?moduleCode=NSC3004&ay=2020/1,Core,
Macromolecular and Supramolecular Chemistry,NSC3007,NatSci,3,1,15,,N,N,N,N,N,N,N,"NSC1003, BIO1345",N/A,Y,,https://intranet.exeter.ac.uk/emps/studentinfo/subjects/naturalsciences/modules/2020/,Science,
Symmetry and Statistics of Molecules,NSC3008,NatSci,3,1,15,,N,N,N,N,N,N,N,NSC2002,N/A,Y,,https://intranet.exeter.ac.uk/emps/studentinfo/subjects/naturalsciences/modules/2020/?moduleCode=NSC3008&ay=2020/1,Science,
"Aerosols, Clouds and Climate",NSC3009,NatSci,3,2,15,,N,N,N,N,N,N,N,"NSC1002, MTH1002, MTH1004",N/A,Y,,https://intranet.exeter.ac.uk/emps/studentinfo/subjects/naturalsciences/modules/2020/?moduleCode=NSC3009&ay=2020/1,Science,
MSci Research Project 2 ,NSCM001,NatSci,4,12,60,,Y,N,N,N,N,N,N,NSC3002,N/A,Y,,https://intranet.exeter.ac.uk/emps/studentinfo/subjects/naturalsciences/modules/2020/?moduleCode=NSCM001&ay=2020/1,Core,
MSci Research Project 2 Extension,NSCM002,NatSci,4,2,15,,N,N,N,N,N,N,N,NSC3002,NSCM001,Y,,https://intranet.exeter.ac.uk/emps/studentinfo/subjects/naturalsciences/modules/2020/?moduleCode=NSCM002&ay=2020/1,Core,
Mathematical Modelling in Biology and Medicine,NSCM005,NatSci,4,1,15,,N,N,N,N,N,N,N,MTH2003,"PHY1026, PHY2025",Y,,https://intranet.exeter.ac.uk/emps/studentinfo/subjects/naturalsciences/modules/2020/?moduleCode=NSCM005&ay=2020/1,Coding,
Advanced Topics in Natural Sciences Chemistry I,NSCM006,NatSci,4,1,15,,N,N,N,N,N,Y,N,"NSC1003, BIO1332, BIO1346, BIO2091",N/A,Y,,https://intranet.exeter.ac.uk/emps/studentinfo/subjects/naturalsciences/modules/2020/?moduleCode=NSCM006&ay=2020/1,Science,
Advanced Topics in Natural Sciences Chemistry II,NSCM007,NatSci,4,2,15,,N,N,N,N,N,N,N,"NSC1003, NSC2002, PHY2022",N/A,Y,,https://intranet.exeter.ac.uk/emps/studentinfo/subjects/naturalsciences/modules/2020/?moduleCode=NSCM007&ay=2020/1,Science,
Bioimaging,NSCM009,NatSci,4,1,15,,N,N,N,N,N,N,N,"NSC1003, BIO1339",N/A,Y,,https://intranet.exeter.ac.uk/emps/studentinfo/subjects/naturalsciences/modules/2020/?moduleCode=NSCM009&ay=2020/1,Science,
Vector Mechanics,PHY1021,Phy,1,1,15,,,,,,,,,N/A,PHY1025,,,https://newton.ex.ac.uk/handbook/modules/PHY1021.html,"Coding, Maths",
Introduction to Astrophysics,PHY1022,Phy,1,1,15,,,,,,,,,N/A,N/A,,,https://newton.ex.ac.uk/handbook/modules/PHY1022.html,Astro,
Waves and Optics,PHY1023,Phy,1,2,15,,,,,,,,,"PHY1021, PHY1025",N/A,,,https://newton.ex.ac.uk/handbook/modules/PHY1023.html,Misc,
Properties of Matter,PHY1024,Phy,1,2,15,,,,,,,,,"PHY1021, PHY1025",N/A,,,https://newton.ex.ac.uk/handbook/modules/PHY1024.html,"Emag, Quantum, Condensed",
Mathematics Skills,PHY1025,Phy,1,1,15,,,,,,,,,N/A,N/A,,,https://newton.ex.ac.uk/handbook/modules/PHY1025.html,"Coding, Maths",
Mathematics for Physicists,PHY1026,Phy,1,2,15,,,,,,,,,PHY1025,N/A,,,https://newton.ex.ac.uk/handbook/modules/PHY1026.html,"Coding, Maths",
Practical Physics I,PHY1027,Phy,1,12,15,,,,,,,,,N/A,"PHY1021, PHY1022, PHY1023, PHY1024",,,https://newton.ex.ac.uk/handbook/modules/PHY1027.html,Misc,
IT Skills for Physicists,PHY1028 ,Phy,1,12,15,,,,,,,,,N/A,PHY1023,,,https://newton.ex.ac.uk/handbook/modules/PHY1028.html,"Coding, Maths",
Electromagnetism 1,PHY2021,Phy,2,1,15,,N,N,Y,N,N,N,Y,PHY1026,N/A,Y,,https://newton.ex.ac.uk/handbook/PHY/modules/PHY2021.html,"Emag, Quantum, Condensed",
Quantum Mechanics 1,PHY2022,Phy,2,1,15,,N,N,Y,N,N,N,Y,PHY1026,N/A,Y,,https://newton.ex.ac.uk/handbook/PHY/modules/PHY2022.html,"Emag, Quantum, Condensed",
Thermal Physics,PHY2023,Phy,2,2,15,,N,N,Y,N,N,N,Y,"PHY1024, PHY1026",PHY2025,Y,,https://newton.ex.ac.uk/handbook/PHY/modules/PHY2023.html,Misc,
Condensed Matter 1,PHY2024,Phy,2,2,15,,N,N,Y,N,N,N,Y,"PHY1024, PHY2022",N/A,Y,,https://newton.ex.ac.uk/handbook/PHY/modules/PHY2024.html,"Emag, Quantum, Condensed",
Mathematics with Physical Applications,PHY2025,Phy,2,12,15,,N,N,Y,N,N,N,Y,PHY1026,N/A,N,,https://newton.ex.ac.uk/handbook/PHY/modules/PHY2025.html,"Coding, Maths",
Scientific Programming in C,PHY2027,Phy,2,1,15,,N,N,Y,N,N,N,N,PHY1025,N/A,N,,https://newton.ex.ac.uk/handbook/PHY/modules/PHY2027.html,"Coding, Maths",
Physics of Living Systems,PHY2029,Phy,2,2,15,,N,N,N,N,N,N,N,PHY1024,N/A,Y,,https://newton.ex.ac.uk/handbook/PHY/modules/PHY2029.html,Misc,
Observing the Universe,PHY2030,Phy,2,2,15,,N,N,N,N,N,N,N,"PHY1021, PHY1022",N/A,Y,,https://newton.ex.ac.uk/handbook/PHY/modules/PHY2030.html,Astro,
Analytical and Chaotic Dynamics,PHY2032,Phy,2,2,15,,N,N,N,N,N,N,N,"PHY1021, PHY1025",N/A,N,,https://newton.ex.ac.uk/handbook/PHY/modules/PHY2032.html,"Coding, Maths",
Scientific Programming in Python,PHY2035,Phy,2,1,15,,N,N,Y,N,N,N,N,PHY1025,N/A,N,,https://newton.ex.ac.uk/handbook/PHY/modules/PHY2035.html,"Coding, Maths",
Electromagnetism II,PHY3051,Phy,3,1,15,,N,N,N,N,N,N,Y,PHY2021,N/A,N,,https://newton.ex.ac.uk/handbook/PHY/modules/PHY3051.html,"Emag, Quantum, Condensed",
Nuclear and High Energy Particle Physics,PHY3052,Phy,3,2,15,,N,N,Y,N,N,N,Y,PHY2022,N/A,Y,,https://newton.ex.ac.uk/handbook/PHY/modules/PHY3052.html,"Emag, Quantum, Condensed",
General Problems,PHY3053,Phy,3,12,15,,N,N,Y,N,N,N,Y,"PHY1021, PHY1022, PHY1023, PHY1024, PHY2021, PHY2022, PHY2023, PHY2024","PHY3051, PHYM002, PHY3055, PHY3052",N,,https://newton.ex.ac.uk/handbook/PHY/modules/PHY3053.html,Misc,
Electromagnetism and Quantum Mechanics,PHY3055,Phy,3,1,15,,N,N,Y,N,N,N,N,"PHY2021, PHY2022",N/A,N,,https://newton.ex.ac.uk/handbook/PHY/modules/PHY3055.html,"Emag, Quantum, Condensed",
The Biophysics of Cells and Tissues,PHY3061,Phy,3,1,15,,N,N,N,N,N,N,N,"PHY1021, PHY1024, PHY2023",N/A,Y,,https://newton.ex.ac.uk/handbook/PHY/modules/PHY3061.html,Misc,
Methods of Theoretical Physics,PHY3062,Phy,3,1,15,,N,N,N,N,N,N,N,PHY2025,N/A,N,,https://newton.ex.ac.uk/handbook/PHY/modules/PHY3062.html,Misc,
Nanostructures and Graphene Science,PHY3064,Phy,3,1,15,,N,N,N,N,N,N,N,"PHY2022, PHY2024",N/A,N,,https://newton.ex.ac.uk/handbook/PHY/modules/PHY3064.html,Misc,
Galaxies and High Energy Astrophysics,PHY3066,Phy,3,2,15,,N,N,N,N,N,N,N,"PHY1021, PHY1022",N/A,N,,https://newton.ex.ac.uk/handbook/PHY/modules/PHY3066.html,Astro,
Energy and the Environment,PHY3067,Phy,3,1,15,,N,N,N,N,N,N,N,PHY2023,N/A,Y,,https://newton.ex.ac.uk/handbook/PHY/modules/PHY3067.html,Misc,
Principles of Theoretical Physics,PHY3068,Phy,3,2,15,,N,N,N,N,N,N,N,"PHY2022, PHY3051, PHY3055","PHY3051, PHY3055",N,,https://newton.ex.ac.uk/handbook/PHY/modules/PHY3068.html,Misc,
Ultrafast Physics,PHY3069,Phy,3,2,15,,N,N,N,N,N,N,N,"PHY2022, PHY2024, PHY3051, PHY3055","PHY3051, PHY3055",N,,https://newton.ex.ac.uk/handbook/PHY/modules/PHY3069.html,Misc,
Stars from Birth to Death,PHY3070,Phy,3,1,15,,N,N,N,N,N,N,N,"PHY1022, PHY1026, PHY2023",N/A,N,,https://newton.ex.ac.uk/handbook/PHY/modules/PHY3070.html,Astro,
Soft Matter,PHY3071,Phy,3,2,15,,N,N,N,N,N,N,N,"PHY1021, PHY1024, PHY2021, PHY2025",N/A,N,,https://newton.ex.ac.uk/handbook/PHY/modules/PHY3071.html,"Emag, Quantum, Condensed",
Statistical Physics,PHYM001,Phy,4,1,15,,N,N,N,N,N,N,Y,PHY2023,N/A,N,,https://newton.ex.ac.uk/handbook/PHY/modules/PHYM001.html,"Coding, Maths",
Quantum Mechanics II,PHYM002,Phy,4,1,15,,N,N,N,N,N,N,Y,"PHY2022, PHY2025",N/A,Y,,https://newton.ex.ac.uk/handbook/20-21/modules/PHYM002.html,"Emag, Quantum, Condensed",
Condensed Matter II,PHYM003,Phy,4,2,15,,N,N,N,N,N,N,Y,"PHY2024, PHY3051, PHYM001",PHYM001,Y,,https://newton.ex.ac.uk/handbook/20-21/modules/PHYM003.html,"Emag, Quantum, Condensed",
Computational Physics and Modelling,PHYM004,Phy,4,12,15,,N,N,N,N,N,N,N,"PHY2025, PHY2027",N/A,N,,https://newton.ex.ac.uk/handbook/PHY/modules/PHYM004.html,"Coding, Maths",
Relativity and Cosmology,PHYM006,Phy,4,2,15,,N,N,N,N,N,N,N,"PHY1021, PHY1022, PHY2025",N/A,N,,https://newton.ex.ac.uk/handbook/PHY/modules/PHYM006.html,Astro,
Physical Methods in Biology and Medicine,PHYM008,Phy,4,2,15,,N,N,N,N,N,N,N,"PHY2023, PHY3051, PHY3052",N/A,Y,,https://newton.ex.ac.uk/handbook/20-21/modules/PHYM008.html,Misc,
Solar and Extra Solar Planets and Their Atmospheres,PHYM012,Phy,4,1,15,,N,N,N,N,N,N,N,"PHY1021, PHY1022, PHY2023, PHY3051",N/A,Y,,https://newton.ex.ac.uk/handbook/20-21/modules/PHYM012.html,Astro,
Quantum Many Body Theory,PHYM013,Phy,4,1,15,,N,N,N,N,N,N,N,"PHY2024, PHY3051, PHYM002",PHYM002,N,,https://newton.ex.ac.uk/handbook/PHY/modules/PHYM013.html,"Emag, Quantum, Condensed",
Quantum Optics and Photonics,PHYM015,Phy,4,2,15,,N,N,N,N,N,N,N,"PHY1023, PHY2022, PHY3051",N/A,N,,https://newton.ex.ac.uk/handbook/PHY/modules/PHYM015.html,"Emag, Quantum, Condensed",
